<?xml version="1.0" encoding="UTF-8"?>
<project-private xmlns="http://www.netbeans.org/ns/project-private/1">
    <editor-bookmarks xmlns="http://www.netbeans.org/ns/editor-bookmarks/2" lastBookmarkId="0"/>
    <open-files xmlns="http://www.netbeans.org/ns/projectui-open-files/2">
        <group>
            <file>file:/C:/Users/Sreten/Desktop/Projektni%20rad%20automobili/ProdajaAutomobilaServer/src/db/DBBroker.java</file>
            <file>file:/C:/Users/Sreten/Desktop/Projektni%20rad%20automobili/ProdajaAutomobilaServer/src/so/administrator/SOAddAdministrator.java</file>
            <file>file:/C:/Users/Sreten/Desktop/Projektni%20rad%20automobili/ProdajaAutomobilaServer/src/so/tip_automobila/SOGetAllTipAutomobila.java</file>
            <file>file:/C:/Users/Sreten/Desktop/Projektni%20rad%20automobili/ProdajaAutomobilaServer/src/thread/ThreadClient.java</file>
            <file>file:/C:/Users/Sreten/Desktop/Projektni%20rad%20automobili/ProdajaAutomobilaServer/src/so/dodatna_oprema/SOGetAllDodatnaOprema.java</file>
            <file>file:/C:/Users/Sreten/Desktop/Projektni%20rad%20automobili/ProdajaAutomobilaServer/src/controller/ServerController.java</file>
            <file>file:/C:/Users/Sreten/Desktop/Projektni%20rad%20automobili/ProdajaAutomobilaServer/src/so/AbstractSO.java</file>
            <file>file:/C:/Users/Sreten/Desktop/Projektni%20rad%20automobili/ProdajaAutomobilaServer/src/so/automobil/SOAddAutomobil.java</file>
            <file>file:/C:/Users/Sreten/Desktop/Projektni%20rad%20automobili/ProdajaAutomobilaServer/src/forms/ServerForm.java</file>
            <file>file:/C:/Users/Sreten/Desktop/Projektni%20rad%20automobili/ProdajaAutomobilaServer/src/so/automobil/SOUpdateAutomobil.java</file>
            <file>file:/C:/Users/Sreten/Desktop/Projektni%20rad%20automobili/ProdajaAutomobilaServer/src/so/administrator/SOGetAllAdministrator.java</file>
        </group>
    </open-files>
</project-private>
