<?xml version="1.0" encoding="UTF-8"?>
<project-private xmlns="http://www.netbeans.org/ns/project-private/1">
    <editor-bookmarks xmlns="http://www.netbeans.org/ns/editor-bookmarks/2" lastBookmarkId="0"/>
    <open-files xmlns="http://www.netbeans.org/ns/projectui-open-files/2">
        <group>
            <file>file:/C:/Users/Sreten/Desktop/Projektni%20rad%20automobili/ProdajaAutomobilaKlijent/src/models/TableModelAdministratori.java</file>
            <file>file:/C:/Users/Sreten/Desktop/Projektni%20rad%20automobili/ProdajaAutomobilaKlijent/src/controller/ClientController.java</file>
            <file>file:/C:/Users/Sreten/Desktop/Projektni%20rad%20automobili/ProdajaAutomobilaKlijent/src/forme/MainForm.java</file>
            <file>file:/C:/Users/Sreten/Desktop/Projektni%20rad%20automobili/ProdajaAutomobilaKlijent/src/models/TableModelTipovi.java</file>
            <file>file:/C:/Users/Sreten/Desktop/Projektni%20rad%20automobili/ProdajaAutomobilaKlijent/src/models/TableModelAutomobili.java</file>
            <file>file:/C:/Users/Sreten/Desktop/Projektni%20rad%20automobili/ProdajaAutomobilaKlijent/src/models/TableModelRacuni.java</file>
            <file>file:/C:/Users/Sreten/Desktop/Projektni%20rad%20automobili/ProdajaAutomobilaKlijent/src/FormAdministrator/FormPretragaAdministratora.java</file>
        </group>
    </open-files>
</project-private>
